process_var_multiplier,entry_z,exit_z,vol_span,annual_return,annual_volatility,sharpe,max_drawdown,total_return,trade_count,active_day_ratio
1e-05,1.0,0.0,10,0.016916744643984405,0.06372450311370072,0.29505692013307,-0.12434297265373118,0.15340998855829668,43.0,0.9430970149253731
1e-05,1.0,0.0,20,0.016233734951747625,0.06277525483636245,0.287863186748408,-0.12434297265373162,0.14683561123523226,39.0,0.9183768656716418
1e-05,1.0,0.0,40,0.016942016594780895,0.06294976643794839,0.29830225483135864,-0.12434297265373151,0.15365388296105054,33.0,0.9001865671641791
1e-05,1.0,0.0,60,0.014969698950539234,0.06267953330203664,0.26834318074094166,-0.12434297265373151,0.13475568974252927,29.0,0.8819962686567164
1e-05,1.0,0.25,10,0.019066356086624436,0.06297526989876644,0.33134821430547934,-0.12434297265373073,0.17431887524107514,54.0,0.9281716417910447
1e-05,1.0,0.25,20,0.016542101289131805,0.0619812933755135,0.2956476801071991,-0.12434297265372896,0.14979971577291895,49.0,0.8964552238805971
1e-05,1.0,0.25,40,0.015659659784608815,0.060650551339490905,0.2864675546003768,-0.12434297265373062,0.14133539534920647,42.0,0.8507462686567164
1e-05,1.0,0.25,60,0.013441934640004316,0.06052916569309685,0.25080527508019695,-0.12434297265373062,0.12030538671191948,36.0,0.8348880597014925
1e-05,1.0,0.5,10,0.013744726762533688,0.06247852478436081,0.2496785064350591,-0.12434297265373107,0.12315636238324257,61.0,0.9118470149253731
1e-05,1.0,0.5,20,0.012546479541908573,0.061389543608003735,0.23374766250296022,-0.12434297265373118,0.11191145449644901,55.0,0.878731343283582
1e-05,1.0,0.5,40,0.016226377088862654,0.05931415546420293,0.3009725833821154,-0.11601534523919355,0.14676496781966009,52.0,0.8278917910447762
1e-05,1.0,0.5,60,0.014659337854894927,0.05904990302112959,0.2759189667637287,-0.11601534523919288,0.1318069100586181,45.0,0.8111007462686567
1e-05,1.0,0.75,10,0.015099925810580395,0.061789304406759206,0.2733911847819003,-0.11601534523919366,0.13599500926334174,76.0,0.90625
1e-05,1.0,0.75,20,0.01407705825361405,0.06041242292227172,0.2615452822905646,-0.11601534523919133,0.12629283762860188,73.0,0.8675373134328358
1e-05,1.0,0.75,40,0.017958584712012948,0.05863821573989578,0.3328075523579172,-0.11601534523919099,0.1635023870515646,63.0,0.8148320895522388
1e-05,1.0,0.75,60,0.01573953924774285,0.05801972811153666,0.2981191654189833,-0.11263588759474796,0.14209932380034807,60.0,0.7933768656716418
1e-05,1.25,0.0,10,0.01648223092291401,0.06276803963332975,0.2917813306782907,-0.12434297265373073,0.14922369656796053,38.0,0.9165111940298507
1e-05,1.25,0.0,20,0.017057714408056812,0.06213533060745369,0.3032286869514125,-0.12434297265373162,0.1547710399862594,33.0,0.8857276119402985
1e-05,1.25,0.0,40,0.010984940258794929,0.06066703478106501,0.21036087388618976,-0.12434297265373107,0.0974064037909812,26.0,0.8390858208955224
1e-05,1.25,0.0,60,0.01649613928851479,0.06148322961771635,0.29679665465148325,-0.12434297265373129,0.14935748773045487,25.0,0.84375
1e-05,1.25,0.25,10,0.01915312121523316,0.06193558130201968,0.33723887686230647,-0.12434297265373073,0.1751698013420362,48.0,0.8992537313432836
1e-05,1.25,0.25,20,0.014299335017628145,0.061137299983789445,0.2627512453495642,-0.12434297265373095,0.12839495057447037,39.0,0.8610074626865671
1e-05,1.25,0.25,40,0.008227215393993959,0.059466448911251975,0.1674635705160822,-0.12434297265373195,0.07219747469892557,30.0,0.8111007462686567
1e-05,1.25,0.25,60,0.013863983072563979,0.0591795979313552,0.2621920260837051,-0.12434297265373051,0.1242809907109963,29.0,0.7985074626865671
1e-05,1.25,0.5,10,0.015568868516876,0.06150142570941575,0.2818959262239955,-0.12434297265373151,0.14046765924130766,55.0,0.8843283582089553
1e-05,1.25,0.5,20,0.011504552736985474,0.060609906201336064,0.21898357383092232,-0.12434297265373073,0.10221440618956334,42.0,0.8446828358208955
1e-05,1.25,0.5,40,0.009323504494535229,0.05829185072734814,0.18829169481836328,-0.11601534523919321,0.08215700801366932,37.0,0.7947761194029851
1e-05,1.25,0.5,60,0.011282384265394407,0.05788376796531906,0.2227008047214878,-0.11601534523919088,0.10015639920681951,31.0,0.7803171641791045
1e-05,1.25,0.75,10,0.016619700341453658,0.06084416248722576,0.301277608216773,-0.11601534523919321,0.1505466836754683,65.0,0.8777985074626866
1e-05,1.25,0.75,20,0.013178529636717284,0.05958331300314125,0.2494732028196864,-0.11601534523919388,0.11783046135496233,54.0,0.8316231343283582
1e-05,1.25,0.75,40,0.014565183950355554,0.05769492237077216,0.27942264701780994,-0.11601534523919244,0.13091367989629976,45.0,0.7835820895522388
1e-05,1.25,0.75,60,0.014469482235607956,0.05648904825313628,0.282490577833613,-0.1126358875947473,0.13000640335634261,40.0,0.753731343283582
1e-05,1.5,0.0,10,0.011456324146215557,0.061317942624629626,0.21638356362986677,-0.12434297265373107,0.10176736316729951,31.0,0.8805970149253731
1e-05,1.5,0.0,20,0.005857444992022565,0.059843925806865254,0.12746568513937076,-0.12434297265373129,0.05094460685444213,25.0,0.8362873134328358
1e-05,1.5,0.0,40,0.007776426030826844,0.05940605216496771,0.16004789035906916,-0.12434297265373151,0.06812568422582999,22.0,0.8190298507462687
1e-05,1.5,0.0,60,0.013618912791875326,0.05887214345993254,0.25915136424187535,-0.12434297265373084,0.12197096928876983,22.0,0.8027052238805971
1e-05,1.5,0.25,10,0.012658892296498081,0.060545377535362106,0.2379947211632328,-0.12434297265373306,0.1129621480580365,37.0,0.863339552238806
1e-05,1.5,0.25,20,0.004463817992112817,0.05898210738074466,0.10495464288650058,-0.12434297265373173,0.03862047709725691,28.0,0.8120335820895522
1e-05,1.5,0.25,40,0.006728081498419636,0.05841066611444735,0.14395488173524124,-0.12434297265373118,0.058709151982180297,25.0,0.7910447761194029
1e-05,1.5,0.25,60,0.011568058819884985,0.05802368765405659,0.22718083215975207,-0.12434297265373173,0.10280330430895801,24.0,0.7761194029850746
1e-05,1.5,0.5,10,0.009609253702447251,0.060173201799102675,0.1889688320274934,-0.12434297265373262,0.08476634856989684,39.0,0.8498134328358209
1e-05,1.5,0.5,20,0.003207147782355646,0.05868997128134587,0.08385413294048542,-0.12434297265373051,0.027617018559322304,30.0,0.800839552238806
1e-05,1.5,0.5,40,0.005520088998459016,0.05717268917115351,0.12481632498495403,-0.11601534523919277,0.047949520714778426,28.0,0.7737873134328358
1e-05,1.5,0.5,60,0.007577807882706011,0.056331578741436045,0.16212077482343043,-0.11601534523919177,0.06633598505771343,25.0,0.7541977611940298
1e-05,1.5,0.75,10,0.010386255439567282,0.05948239761988681,0.20340199432875572,-0.1160153452391921,0.0918896956272417,45.0,0.8442164179104478
1e-05,1.5,0.75,20,0.004450043538093418,0.05789600554245071,0.10558917383599577,-0.1160153452391941,0.03849930605036822,35.0,0.7919776119402985
1e-05,1.5,0.75,40,0.009486211091743968,0.056462731345703204,0.1953929149388324,-0.11601534523919421,0.08364209577525972,33.0,0.7569962686567164
1e-05,1.5,0.75,60,0.010414183147036349,0.05513328064836822,0.21541938607448818,-0.11245299071823533,0.09214649616473158,31.0,0.7318097014925373
1e-05,1.75,0.0,10,0.009412301204574591,0.06049629749387656,0.18505586379890537,-0.12434297265373107,0.08296726808696642,28.0,0.8586753731343284
1e-05,1.75,0.0,20,0.002576716964293846,0.05914511087605586,0.07303173185532591,-0.12434297265373173,0.022135788749493956,21.0,0.8101679104477612
1e-05,1.75,0.0,40,0.006211660383446116,0.056728902913764846,0.1374621758743891,-0.12434297265373095,0.05409749993183044,18.0,0.7574626865671642
1e-05,1.75,0.0,60,0.008005043145607349,0.056766180360590814,0.1687794347245169,-0.12434297265373273,0.07018897773614041,18.0,0.7588619402985075
1e-05,1.75,0.25,10,0.008616377200990843,0.05961123692500635,0.17368027134155736,-0.12434297265373084,0.07572361972399766,32.0,0.8376865671641791
1e-05,1.75,0.25,20,0.00205102830267867,0.058300248011141156,0.06424487424594522,-0.1243429726537314,0.017584974394163844,23.0,0.7854477611940298
1e-05,1.75,0.25,40,0.006359947319742654,0.05580277530647508,0.1414529811519835,-0.12434297265373184,0.05541988776385387,20.0,0.7327425373134329
1e-05,1.75,0.25,60,0.007869571664635533,0.05599408182623941,0.1679307230518914,-0.12434297265373195,0.06896590921892187,20.0,0.7332089552238806
1e-05,1.75,0.5,10,0.006795521605861943,0.0593051912785846,0.14380081985544246,-0.12434297265373084,0.05931270606900019,34.0,0.8250932835820896
1e-05,1.75,0.5,20,0.0010548708201294499,0.05802807000092326,0.04713354159098019,-0.1243429726537314,0.009010395077221345,25.0,0.7756529850746269
1e-05,1.75,0.5,40,0.0040943867684735125,0.05516878353427601,0.10158763092147341,-0.11601534523919244,0.035374982660787646,21.0,0.7201492537313433
1e-05,1.75,0.5,60,0.004446729962290563,0.055061225399257355,0.1080508771939525,-0.11601534523919133,0.03847015906513951,21.0,0.7173507462686567
1e-05,1.75,0.75,10,0.005288787602947709,0.058858002031171724,0.11899858595764655,-0.11601534523919221,0.04590035489459088,36.0,0.8218283582089553
1e-05,1.75,0.75,20,0.0030873881800752567,0.05742468247878415,0.08234170857611249,-0.11601534523919199,0.026573787186173092,29.0,0.7709888059701493
1e-05,1.75,0.75,40,0.005781487800739615,0.0547630185952217,0.13258877980561062,-0.11601534523919266,0.05026959186447266,23.0,0.7098880597014925
1e-05,1.75,0.75,60,0.007740202139235874,0.05408483086671098,0.1695404175910129,-0.10973346270903428,0.06779908217433173,25.0,0.6986940298507462
1e-05,2.0,0.0,10,0.01029770066769875,0.059884468032523806,0.20097285883497526,-0.12434297265373195,0.09107577011598322,25.0,0.8367537313432836
1e-05,2.0,0.0,20,0.006593139902334011,0.0584612262812974,0.14158695574796187,-0.12434297265373095,0.05750240548418062,19.0,0.7966417910447762
1e-05,2.0,0.0,40,0.0067905576063271855,0.05604534025522827,0.14871308086427648,-0.1243429726537304,0.05926827049030181,16.0,0.7388059701492538
1e-05,2.0,0.0,60,0.0012331183786116195,0.054640169687523506,0.04981246420934163,-0.1243429726537304,0.01053998811544421,12.0,0.6963619402985075
1e-05,2.0,0.25,10,0.009910482517468733,0.059013198486285924,0.19656775868063478,-0.1243429726537324,0.08752305237122648,28.0,0.816231343283582
1e-05,2.0,0.25,20,0.006272812416939999,0.057618051262693586,0.13728746720696172,-0.12434297265373218,0.05464266204354096,21.0,0.7728544776119403
1e-05,2.0,0.25,40,0.007184128469552409,0.05510059597332975,0.15740592591676136,-0.12434297265373095,0.06279645593380923,18.0,0.7122201492537313
1e-05,2.0,0.25,60,0.0025158129494582404,0.05396978091022548,0.07348079324436545,-0.12434297265373206,0.021607632885063177,14.0,0.6730410447761194
1e-05,2.0,0.5,10,0.007988557875020286,0.05871031095346666,0.16483196035029193,-0.12434297265373184,0.07004007885781371,29.0,0.8027052238805971
1e-05,2.0,0.5,20,0.005430774338107236,0.05733502912014501,0.12308061774850515,-0.1243429726537304,0.047157836849603285,22.0,0.7607276119402985
1e-05,2.0,0.5,40,0.005460894004288397,0.054489057822594514,0.12713005201826338,-0.11601534523919255,0.04742475813516589,19.0,0.7000932835820896
1e-05,2.0,0.5,60,0.0012015852374580582,0.053409903687049634,0.049127829896469244,-0.11601534523919366,0.010269244373728226,15.0,0.6632462686567164
1e-05,2.0,0.75,10,0.006480038416892597,0.058258674922088555,0.13994859211261068,-0.11601534523919477,0.056491904436695384,31.0,0.7994402985074627
1e-05,2.0,0.75,20,0.004988953420263176,0.056820494990901645,0.11594217471636001,-0.11601534523919144,0.04324930048463349,24.0,0.7546641791044776
1e-05,2.0,0.75,40,0.005844403238372653,0.054273985785382846,0.13444545436448188,-0.11601534523919255,0.050828680418165684,20.0,0.6898320895522388
1e-05,2.0,0.75,60,0.004928932987392498,0.05234880136724056,0.12003390714792676,-0.09882888478298613,0.04271932862265149,19.0,0.6380597014925373
5e-05,1.0,0.0,10,0.02084430726325448,0.06298375309032893,0.35898904529257125,-0.11543115941124094,0.1918646886289901,55.5,0.9197761194029851
5e-05,1.0,0.0,20,0.018213913087662403,0.06219777508923195,0.32124941566108156,-0.11263588759474807,0.1659876334159256,48.5,0.898320895522388
5e-05,1.0,0.0,40,0.022433542158976305,0.06192367556920059,0.38918689337032025,-0.11263588759474852,0.2077435368032432,45.5,0.8805970149253731
5e-05,1.0,0.0,60,0.024017501990031054,0.06186864353558868,0.41450216588224337,-0.11263588759474863,0.2237551426775235,42.5,0.8577425373134329
5e-05,1.0,0.25,10,0.0215527994937319,0.06234653353118834,0.37314628775765735,-0.11543115941124238,0.1989206873402556,64.5,0.9090485074626866
5e-05,1.0,0.25,20,0.017303922380706993,0.06125928374947353,0.3106305725999752,-0.11263588759474841,0.15715155723880248,59.5,0.8847947761194029
5e-05,1.0,0.25,40,0.021497560937932425,0.06087328976370777,0.3797981138816419,-0.11263588759474863,0.19836923493420144,55.5,0.8610074626865671
5e-05,1.0,0.25,60,0.022891008069034546,0.06076712180790335,0.4027899638323135,-0.11263588759474885,0.21234877566135735,50.5,0.8418843283582089
5e-05,1.0,0.5,10,0.01848814220602124,0.06140350004132211,0.32899281456538326,-0.11543115941124049,0.16866206717278454,71.5,0.8969216417910447
5e-05,1.0,0.5,20,0.018713893095291034,0.06077022335923064,0.3354316625846676,-0.1126358875947493,0.17086777544033294,68.5,0.875
5e-05,1.0,0.5,40,0.0219737176047905,0.059686374062876246,0.3939575273468873,-0.11362732085578442,0.20313011766894418,68.5,0.8404850746268657
5e-05,1.0,0.5,60,0.02564297255039527,0.05906342611110887,0.45817145357915134,-0.11263588759474863,0.24038082935402394,64.5,0.8101679104477612
5e-05,1.0,0.75,10,0.016795314469851386,0.06050390663533854,0.30548070404754524,-0.11543115941124094,0.15223872536269334,86.5,0.8875932835820896
5e-05,1.0,0.75,20,0.016117025563564757,0.0588325627711233,0.30111999971258696,-0.11263588759474819,0.14571552782128872,91.5,0.8507462686567164
5e-05,1.0,0.75,40,0.01844469494732137,0.05753601121521078,0.34636468405921794,-0.11263588759474796,0.16823798497274223,92.5,0.8097014925373134
5e-05,1.0,0.75,60,0.016066263933424807,0.056803591083713696,0.3089310992153665,-0.11263588759474796,0.145228659601206,82.5,0.7555970149253731
5e-05,1.25,0.0,10,0.01348020921106352,0.0618160678475765,0.24746582834321848,-0.11263588759474907,0.12066541257407515,45.5,0.8857276119402985
5e-05,1.25,0.0,20,0.018361351115928848,0.06129867768017608,0.327417231107842,-0.11263588759474774,0.16742485838705923,41.5,0.8638059701492538
5e-05,1.25,0.0,40,0.019667075349302676,0.06066316295348198,0.35133231426005157,-0.11263588759474785,0.18022143764450327,37.5,0.8292910447761194
5e-05,1.25,0.0,60,0.01807379238956086,0.05994786807568856,0.32871608138868613,-0.11263588759474785,0.1646231850591715,32.0,0.8027052238805971
5e-05,1.25,0.25,10,0.015826524136192788,0.06123843487919288,0.2869825414474868,-0.1126358875947493,0.14293171827165363,54.5,0.8745335820895522
5e-05,1.25,0.25,20,0.017648848100428438,0.06038053591989144,0.31988047801925135,-0.11263588759474841,0.16049383220486835,50.5,0.8488805970149254
5e-05,1.25,0.25,40,0.016637492329257375,0.05974347313404391,0.3060072439716996,-0.1126358875947494,0.15071800955450865,43.5,0.8138992537313433
5e-05,1.25,0.25,60,0.013789381054597039,0.05900637779016594,0.2615393198053056,-0.1126358875947494,0.12357735150824678,35.0,0.7868470149253731
5e-05,1.25,0.5,10,0.014080492194635585,0.06046346284983704,0.26142758997190985,-0.11263588759474918,0.12632528675113952,59.5,0.8684701492537313
5e-05,1.25,0.5,20,0.017162744393769858,0.05991438880819366,0.3139259705579852,-0.11263588759474974,0.15578601698099925,54.5,0.840018656716418
5e-05,1.25,0.5,40,0.014068354906048741,0.057901023325995796,0.27016883465125624,-0.11263588759474918,0.12621059879541496,49.5,0.7835820895522388
5e-05,1.25,0.5,60,0.011223089049111845,0.05668662790825212,0.22515971585587202,-0.1126358875947483,0.099607705101866,42.0,0.7430037313432836
5e-05,1.25,0.75,10,0.014073125032824985,0.0599008231779256,0.2631955978685409,-0.11263588759474952,0.12625567156143314,71.5,0.8610074626865671
5e-05,1.25,0.75,20,0.01444974334074045,0.057653925915593214,0.2776018777472649,-0.11263588759474952,0.12981935354691765,69.5,0.8120335820895522
5e-05,1.25,0.75,40,0.013578185352173033,0.055903770763331355,0.2691397876070159,-0.11263588759474819,0.12158748042406975,62.5,0.7490671641791045
5e-05,1.25,0.75,60,0.01015697449662989,0.055398904259821156,0.21004915363927032,-0.1126358875947473,0.0897834277659284,54.0,0.7019589552238806
5e-05,1.5,0.0,10,0.0173096861205575,0.0609373243431251,0.312040849509789,-0.11263588759474852,0.1572073370927558,40.5,0.8600746268656716
5e-05,1.5,0.0,20,0.020136274326026715,0.05944649022700488,0.3650375002068697,-0.11263588759475018,0.1848498995534016,37.5,0.8190298507462687
5e-05,1.5,0.0,40,0.02261661906454182,0.05900074657841721,0.40850210739271187,-0.11245299071823611,0.20958468767788352,30.5,0.7709888059701493
5e-05,1.5,0.0,60,0.016660916893829425,0.05772848189107287,0.31502896412961856,-0.11245299071823611,0.15094360800906848,27.0,0.7397388059701493
5e-05,1.5,0.25,10,0.019147111779335813,0.06023474915803643,0.3449342872856713,-0.11263588759474952,0.17511084785234154,48.5,0.8465485074626866
5e-05,1.5,0.25,20,0.01920301691756765,0.058532682071206946,0.35417991536958326,-0.11263588759474974,0.17565938665729885,44.5,0.8041044776119403
5e-05,1.5,0.25,40,0.01874339299499561,0.058108533629837755,0.34856848655678857,-0.112452990718234,0.17115627663478894,34.0,0.7546641791044776
5e-05,1.5,0.25,60,0.012212241717435735,0.05684659381650554,0.24188208502710304,-0.11245299071823545,0.10879258675044068,29.0,0.7238805970149254
5e-05,1.5,0.5,10,0.015993861129823594,0.05969860653830472,0.29558453997021544,-0.11263588759474852,0.14453454108753272,51.5,0.8414179104477612
5e-05,1.5,0.5,20,0.018654877903897527,0.05813113191648971,0.3469683313854801,-0.11263588759474863,0.1702908107446337,47.5,0.7966417910447762
5e-05,1.5,0.5,40,0.016992064512787897,0.05641782911201688,0.3267981043997081,-0.11245299071823567,0.15413701944344083,39.0,0.7285447761194029
5e-05,1.5,0.5,60,0.00791365197331273,0.05532849326025638,0.1700616929618285,-0.11245299071823545,0.06936374120132127,32.0,0.6907649253731343
5e-05,1.5,0.75,10,0.016777976936008354,0.05913046100073318,0.31090042719877276,-0.11263588759474785,0.15207158063030746,59.5,0.8330223880597015
5e-05,1.5,0.75,20,0.01591724242480419,0.05680590954479808,0.306342025399759,-0.11263588759474852,0.143800409479226,56.5,0.777518656716418
5e-05,1.5,0.75,40,0.014634654540163883,0.05450039950613189,0.29376260889253275,-0.11245299071823567,0.13157268133841948,46.0,0.6958955223880597
5e-05,1.5,0.75,60,0.008250070704060697,0.054281586035479126,0.17843399326547407,-0.11245299071823533,0.07240428143446831,41.0,0.6534514925373134
5e-05,1.75,0.0,10,0.01767283074573678,0.059488404552840185,0.3241720702424719,-0.11263588759474785,0.16072653662774172,36.5,0.8129664179104478
5e-05,1.75,0.0,20,0.01749862216699083,0.05825984601112096,0.32683284365642973,-0.1126358875947493,0.15903712126042846,31.0,0.7593283582089553
5e-05,1.75,0.0,40,0.017326441888691813,0.05686461748897984,0.33045478983733406,-0.11245299071823511,0.15736950818207562,26.0,0.6949626865671642
5e-05,1.75,0.0,60,0.014367227565068585,0.0561604790747107,0.2820157850660237,-0.10973346270903195,0.12903771297904387,22.0,0.6441231343283582
5e-05,1.75,0.25,10,0.017845362344216964,0.05887185771119141,0.3298271298363013,-0.11263588759474952,0.1624018306218311,41.5,0.8003731343283582
5e-05,1.75,0.25,20,0.01452215261901868,0.05731871906975867,0.28013900227396776,-0.11263588759474807,0.13050565244883217,34.0,0.7434701492537313
5e-05,1.75,0.25,40,0.014376409276021018,0.05589388148462115,0.28325808683964054,-0.112452990718235,0.12912466423379976,28.0,0.6772388059701493
5e-05,1.75,0.25,60,0.010814474784084593,0.055334807662180574,0.2219856338775713,-0.10973346270903361,0.0958331144694946,24.0,0.6343283582089553
5e-05,1.75,0.5,10,0.014012082820536786,0.058375279550804876,0.267495673718723,-0.1126358875947494,0.12567900590582215,42.5,0.7957089552238806
5e-05,1.75,0.5,20,0.012997768042047664,0.057136688958732175,0.25453085974878054,-0.11263588759474896,0.11613483751458897,35.0,0.7392723880597015
5e-05,1.75,0.5,40,0.009665665284419367,0.05474741891632326,0.20300726928201956,-0.11245299071823511,0.08528213094340864,29.0,0.6487873134328358
5e-05,1.75,0.5,60,0.007869414881070513,0.05380663905287768,0.17251399786447447,-0.10973346270903317,0.06896449445478092,27.0,0.6026119402985075
5e-05,1.75,0.75,10,0.013289310211347383,0.058188141066376806,0.2559143065559104,-0.1126358875947494,0.11887075532472213,46.5,0.7924440298507462
5e-05,1.75,0.75,20,0.013001110356583467,0.05602915558714885,0.25849901398474046,-0.11263588759474852,0.11616616929776535,42.0,0.7271455223880597
5e-05,1.75,0.75,40,0.008004555377134848,0.05325133004386817,0.1762742722849469,-0.11245299071823511,0.07018457183299587,33.0,0.6315298507462687
5e-05,1.75,0.75,60,0.006730987948776024,0.05293113278917569,0.15313342253725049,-0.10973346270903428,0.058735156951207346,31.0,0.5844216417910447
5e-05,2.0,0.0,10,0.020607144941934274,0.05879637828128846,0.37626432934519966,-0.11263588759474907,0.18951094778857303,32.5,0.7854477611940298
5e-05,2.0,0.0,20,0.016704957369666484,0.05555077503957247,0.32594250298341254,-0.112452990718235,0.15136786087466558,26.0,0.7322761194029851
5e-05,2.0,0.0,40,0.012217862597602602,0.05277652509272896,0.25641446513180904,-0.10625757656171608,0.10884497288430528,21.0,0.652518656716418
5e-05,2.0,0.0,60,0.016182807114273334,0.054681656702013554,0.3208370013188587,-0.09882888478298546,0.14634672778417324,20.0,0.617070895522388
5e-05,2.0,0.25,10,0.021127287540289474,0.05804823612566986,0.3891385206990253,-0.11263588759474874,0.19467853133388946,37.5,0.7714552238805971
5e-05,2.0,0.25,20,0.015699500300933256,0.0548141493863007,0.3115293785262576,-0.11245299071823645,0.14171635434502217,29.0,0.7164179104477612
5e-05,2.0,0.25,40,0.011154170989475354,0.051994445385421736,0.23926099223519462,-0.1062575765617162,0.09897026854122948,23.0,0.6352611940298507
5e-05,2.0,0.25,60,0.01499240486006026,0.053696897736569965,0.3038992133608706,-0.09882888478298524,0.13497168733354026,22.0,0.6049440298507462
5e-05,2.0,0.5,10,0.017056974097811706,0.057681134040133905,0.3220004879003805,-0.1126358875947493,0.1547638886516547,37.5,0.7681902985074627
5e-05,2.0,0.5,20,0.015100886679590753,0.05463291227543851,0.3015903643325208,-0.11245299071823533,0.13600415792565723,30.0,0.7112873134328358
5e-05,2.0,0.5,40,0.009670071822358572,0.05155198819200867,0.21237780269631476,-0.10625757656171586,0.08532242991226102,24.0,0.6175373134328358
5e-05,2.0,0.5,60,0.013060257790463492,0.05208474741146454,0.2750854696065465,-0.09882888478298602,0.11672076215904781,24.0,0.5727611940298507
5e-05,2.0,0.75,10,0.015879099905392602,0.05749102964044877,0.3027179541413641,-0.1126358875947493,0.14343509715601543,39.5,0.7639925373134329
5e-05,2.0,0.75,20,0.014297066610336584,0.053661172723070055,0.2913048209924626,-0.11245299071823533,0.12837348034816798,35.0,0.6968283582089553
5e-05,2.0,0.75,40,0.007805451404517161,0.051007050389482285,0.17785914536982592,-0.10625757656171586,0.06838744657487261,27.0,0.6068097014925373
5e-05,2.0,0.75,60,0.011780115955351445,0.05127066749583132,0.2539706163678385,-0.09882888478298613,0.10477174290467905,27.0,0.5569029850746269
0.0001,1.0,0.0,10,0.02199699072898098,0.06328817735857567,0.375399578417811,-0.11543115941124127,0.20336324271016903,64.5,0.9169776119402985
0.0001,1.0,0.0,20,0.022981335620193555,0.0627977929525917,0.39316970811462076,-0.11263588759474708,0.21325991891861262,58.5,0.894589552238806
0.0001,1.0,0.0,40,0.02061529436832843,0.0626751252618237,0.3568709316116202,-0.1126358875947503,0.18959175946921514,50.5,0.8777985074626866
0.0001,1.0,0.0,60,0.02113055856371493,0.06210498260080547,0.367701171578906,-0.11263588759474952,0.19471109132626196,46.5,0.8507462686567164
0.0001,1.0,0.25,10,0.019458820045848313,0.062471743774773505,0.33967531013754476,-0.1154311594112406,0.17817219937834294,73.5,0.9020522388059702
0.0001,1.0,0.25,20,0.021729986666057632,0.06189617890917157,0.37821067146820503,-0.11263588759474841,0.20069107733363056,69.5,0.8763992537313433
0.0001,1.0,0.25,40,0.023438788884089012,0.06107757305447996,0.40981959386502576,-0.11263588759474863,0.21788358275204267,63.5,0.84375
0.0001,1.0,0.25,60,0.024565292147954665,0.06015468931733554,0.4334624159149193,-0.11263588759474852,0.2293359609783947,57.5,0.8120335820895522
0.0001,1.0,0.5,10,0.0208267687602377,0.06176745888384267,0.3645511898771417,-0.11543115941124049,0.19169048540255784,85.5,0.8903917910447762
0.0001,1.0,0.5,20,0.023511901216917153,0.060845934151083754,0.4123201128161003,-0.1126358875947493,0.2186239978303821,83.5,0.8619402985074627
0.0001,1.0,0.5,40,0.021313781410502886,0.05964083162705704,0.38338189512545173,-0.11362732085578442,0.1965361550654381,73.5,0.8227611940298507
0.0001,1.0,0.5,60,0.02277476340124096,0.05875552837901756,0.41259716860458306,-0.11263588759474963,0.2111770923918288,71.5,0.7831156716417911
0.0001,1.0,0.75,10,0.02183043859805922,0.06008139501706486,0.38942532670152324,-0.11543115941124094,0.20169578095819962,102.5,0.8824626865671642
0.0001,1.0,0.75,20,0.018811102810268432,0.05962195880612867,0.3423297145774081,-0.11263588759474963,0.17181869791337556,98.5,0.8498134328358209
0.0001,1.0,0.75,40,0.017292920167540915,0.05834076396507561,0.32299022692662593,-0.11263588759474796,0.15704508750005397,95.5,0.7905783582089553
0.0001,1.0,0.75,60,0.018433321098752398,0.05709536704932593,0.3483995732771612,-0.11263588759474852,0.1681269889677932,89.5,0.7378731343283582
0.0001,1.25,0.0,10,0.018716673248084126,0.06235279507639314,0.3285275295363155,-0.11263588759474752,0.17089496192022913,55.5,0.8875932835820896
0.0001,1.25,0.0,20,0.021039134295825157,0.06140412902158737,0.36973136920663807,-0.11263588759474774,0.1938013427374854,48.5,0.8614738805970149
0.0001,1.25,0.0,40,0.019194191415827566,0.0613352716993824,0.34059078117200575,-0.11263588759474785,0.17557277619774547,40.5,0.8288246268656716
0.0001,1.25,0.0,60,0.015951772216176607,0.06081910029903066,0.29056750053977154,-0.1126358875947494,0.14413120949710367,34.5,0.7985074626865671
0.0001,1.25,0.25,10,0.017359851509960222,0.06158705185597071,0.3101980844561303,-0.11263588759474796,0.15769292383688027,63.5,0.8698694029850746
0.0001,1.25,0.25,20,0.01919160360023997,0.060707232216326595,0.3434397136867434,-0.11263588759474841,0.17554738132707026,56.5,0.8414179104477612
0.0001,1.25,0.25,40,0.020358170322217095,0.05959356769090649,0.367930665234893,-0.1126358875947494,0.18704438900024511,47.5,0.7933768656716418
0.0001,1.25,0.25,60,0.015599101440931573,0.05865775477279896,0.2931513804261773,-0.1126358875947494,0.14075654525929315,39.0,0.7513992537313433
0.0001,1.25,0.5,10,0.018777057970887245,0.0610426304241447,0.33522399447483014,-0.11263588759474918,0.17148558781001388,71.5,0.8591417910447762
0.0001,1.25,0.5,20,0.018386387006954052,0.059865829656639315,0.3342183366431119,-0.11263588759474974,0.16766906330280507,64.5,0.8269589552238806
0.0001,1.25,0.5,40,0.016395879134293745,0.058197967187906714,0.3084818670006487,-0.11263588759474918,0.14839334528007098,53.5,0.7691231343283582
0.0001,1.25,0.5,60,0.011562429514861305,0.057306745285934095,0.22919720173090818,-0.11263588759474907,0.10275109199988242,45.0,0.7201492537313433
0.0001,1.25,0.75,10,0.02244047830239082,0.05954287292497976,0.40243106610699686,-0.11263588759474952,0.20781324646861576,85.5,0.8493470149253731
0.0001,1.25,0.75,20,0.015181212200139349,0.05872510083963121,0.2858729208594733,-0.11263588759474874,0.13676918624958478,73.5,0.8097014925373134
0.0001,1.25,0.75,40,0.017524692838702505,0.05701629793118204,0.3331500800173983,-0.11263588759474819,0.15928980759175526,66.5,0.7327425373134329
0.0001,1.25,0.75,60,0.01005553249702884,0.05547750628177698,0.20802155202104378,-0.11263588759474807,0.08885268502398969,56.0,0.6744402985074627
0.0001,1.5,0.0,10,0.018910638743049324,0.060948828199992915,0.33779713438202613,-0.11263588759474852,0.1727930819712309,48.5,0.8544776119402985
0.0001,1.5,0.0,20,0.017219736648470763,0.05988101648066217,0.31500176280630227,-0.11263588759475018,0.15633710176478677,37.5,0.8115671641791045
0.0001,1.5,0.0,40,0.01847982666064052,0.059428136880583106,0.3377795701788723,-0.11245299071823511,0.16858088986611985,32.5,0.7765858208955224
0.0001,1.5,0.0,60,0.017040835944063915,0.05926586988165452,0.3146842058290842,-0.11245299071823611,0.1546080051575227,31.0,0.7714552238805971
0.0001,1.5,0.25,10,0.015167479225311142,0.06031017901275094,0.2797035219555654,-0.11263588759474974,0.13663835980735994,53.5,0.8344216417910447
0.0001,1.5,0.25,20,0.016977861541580097,0.05920523147631603,0.31390150656642124,-0.11263588759474974,0.153999893229394,43.5,0.7896455223880597
0.0001,1.5,0.25,40,0.017148067924169563,0.05824816747411725,0.32096700381762433,-0.11245299071823556,0.15564414085967626,36.5,0.7374067164179104
0.0001,1.5,0.25,60,0.015410661322280639,0.0570062974911011,0.2967097823140583,-0.11245299071823545,0.13895698751619912,34.0,0.71875
0.0001,1.5,0.5,10,0.017132450927157317,0.05974069127443776,0.31416860686820103,-0.11263588759474852,0.15549318962164893,61.5,0.8227611940298507
0.0001,1.5,0.5,20,0.01649702139588549,0.05832159383389982,0.3096599803819875,-0.11263588759474863,0.14936597360294934,49.5,0.7747201492537313
0.0001,1.5,0.5,40,0.013497500579882304,0.05683498165097533,0.2642512748004242,-0.11245299071823489,0.12082809555673224,40.5,0.715018656716418
0.0001,1.5,0.5,60,0.010983051366124652,0.05586927495124504,0.22338145958388875,-0.11245299071823545,0.09738895958206095,37.0,0.6805037313432836
0.0001,1.5,0.75,10,0.019672536019615938,0.05851168685760093,0.362151115296033,-0.11263588759474785,0.18027521309170758,71.5,0.816231343283582
0.0001,1.5,0.75,20,0.014812448574472725,0.057454154286882435,0.2845865656947159,-0.11263588759474852,0.1332607880004284,53.5,0.7621268656716418
0.0001,1.5,0.75,40,0.012041189588590795,0.05516340948882608,0.24449496215344121,-0.11245299071823522,0.10719943934998954,48.5,0.6781716417910447
0.0001,1.5,0.75,60,0.010345561724510954,0.05395931074451127,0.2176540047333242,-0.11245299071823533,0.09151560463028496,45.0,0.6315298507462687
0.0001,1.75,0.0,10,0.020577588606732755,0.05970584503709713,0.3709512990744566,-0.11263588759474785,0.18921790067405997,41.5,0.8134328358208955
0.0001,1.75,0.0,20,0.01965261165175347,0.05726740430059249,0.3684130224751332,-0.1126358875947493,0.1800790128672627,33.5,0.7597947761194029
0.0001,1.75,0.0,40,0.017183977068113032,0.05643307865374469,0.33005692425291977,-0.11245299071823556,0.1559912985518921,28.0,0.6921641791044776
0.0001,1.75,0.0,60,0.014815702224532323,0.05583909596267769,0.291223440515662,-0.11051939522339493,0.1332917012303967,24.0,0.6520522388059702
0.0001,1.75,0.25,10,0.01761035397082633,0.05905576357536397,0.32507492707879093,-0.11263588759474852,0.16012040842839736,46.5,0.7957089552238806
0.0001,1.75,0.25,20,0.01849729355457108,0.056719851126784064,0.3514315336291449,-0.11263588759474807,0.16875140943740008,37.5,0.7392723880597015
0.0001,1.75,0.25,40,0.017991159525267975,0.05498807616101084,0.3516925006216592,-0.11245299071823567,0.1638191945961358,31.0,0.6469216417910447
0.0001,1.75,0.25,60,0.016481258807071963,0.05403663659798377,0.3294532070170661,-0.10973346270903361,0.14921434583869364,27.0,0.6040111940298507
0.0001,1.75,0.5,10,0.01929658669816292,0.05854581247262414,0.3556763893120246,-0.1126358875947494,0.17657799491626203,52.5,0.7873134328358209
0.0001,1.75,0.5,20,0.016440866913723262,0.05561553095879986,0.32095372704891484,-0.11263588759474896,0.14882587776631762,41.5,0.7154850746268657
0.0001,1.75,0.5,40,0.015031463085744878,0.05372142594182464,0.30450394759554106,-0.11245299071823456,0.1353433267110864,34.0,0.6222014925373134
0.0001,1.75,0.5,60,0.014450724746339905,0.05280318691444368,0.29803265474388535,-0.10973346270903317,0.1298286529018131,29.0,0.5834888059701493
0.0001,1.75,0.75,10,0.018906968477286457,0.05777434139132183,0.3530294787715254,-0.1126358875947494,0.17275714005904885,58.5,0.78125
0.0001,1.75,0.75,20,0.017908729282722913,0.05488266418968015,0.3507921012266342,-0.11263588759474852,0.1630176636086773,45.5,0.7066231343283582
0.0001,1.75,0.75,40,0.013453447202079083,0.05248807514733677,0.2807685089024333,-0.11245299071823567,0.12041366772213857,38.0,0.6002798507462687
0.0001,1.75,0.75,60,0.015288785283288808,0.05144974505415716,0.32055305544233254,-0.10973346270903428,0.13779443521469892,34.0,0.5597014925373134
0.0001,2.0,0.0,10,0.02428390470876196,0.05776630702231877,0.44417933507348695,-0.11263588759474907,0.2264664216918657,34.5,0.7761194029850746
0.0001,2.0,0.0,20,0.02156597510772018,0.05635816034192549,0.40670600307701305,-0.112452990718235,0.19905225397491755,29.0,0.7280783582089553
0.0001,2.0,0.0,40,0.016239418450768817,0.055383975422065315,0.3184737626600798,-0.10704657760873126,0.1468901815815753,25.0,0.6571828358208955
0.0001,2.0,0.0,60,0.013736746347695616,0.05454447721579679,0.27731684965581677,-0.09882888478298546,0.12308113975785506,19.0,0.6194029850746269
0.0001,2.0,0.25,10,0.020982238052434043,0.057163519180130025,0.391773180581074,-0.1126358875947493,0.19323548577835847,37.5,0.7597947761194029
0.0001,2.0,0.25,20,0.019934115303378075,0.05582383897519944,0.38142268502292953,-0.11245299071823645,0.18285372068480732,32.0,0.7080223880597015
0.0001,2.0,0.25,40,0.017297333150570804,0.05389458424692699,0.3450714355184409,-0.1062575765617162,0.15708779142868945,28.0,0.6086753731343284
0.0001,2.0,0.25,60,0.017014299806101363,0.052805945699221195,0.3458095987489571,-0.09882888478298524,0.15435172463985602,22.0,0.5722947761194029
0.0001,2.0,0.5,10,0.022727174630386537,0.056560794250783836,0.425535831987571,-0.1126358875947493,0.21069771172390794,42.5,0.7490671641791045
0.0001,2.0,0.5,20,0.019186253358929317,0.054504012452185356,0.37586694704064727,-0.11245299071823533,0.17549487962859622,36.0,0.6800373134328358
0.0001,2.0,0.5,40,0.015878667163067517,0.052706773793737643,0.32517073787866796,-0.10625757656171586,0.1434309531305742,30.0,0.5881529850746269
0.0001,2.0,0.5,60,0.016395254635082068,0.05163958584844914,0.3406517781487571,-0.09882888478298602,0.14838734207879622,24.0,0.5541044776119403
0.0001,2.0,0.75,10,0.02264566238479926,0.055741543812286166,0.4295329266333032,-0.1126358875947493,0.2098769953681825,47.5,0.7406716417910447
0.0001,2.0,0.75,20,0.019292561745942516,0.05394028053876261,0.3811582445448613,-0.11245299071823533,0.1765384674766759,38.0,0.6707089552238806
0.0001,2.0,0.75,40,0.01290493157697048,0.0516772686352034,0.273880224076042,-0.10625757656171586,0.11526487286990217,32.0,0.5685634328358209
0.0001,2.0,0.75,60,0.019289261987696538,0.04992409724911267,0.40756749073661436,-0.09882888478298613,0.17650606275009184,29.0,0.5247201492537313
0.0005,1.0,0.0,10,0.020593313166175964,0.062180609194281394,0.3588768269053404,-0.11281773300128206,0.18937379964799117,87.5,0.8871268656716418
0.0005,1.0,0.0,20,0.02400446029632808,0.06094485328943713,0.41965553156884683,-0.10602876124181582,0.22362254844821328,77.5,0.8446828358208955
0.0005,1.0,0.0,40,0.02468335637834307,0.060248272017781115,0.43481194764392933,-0.10602876124181893,0.23054172244744353,69.5,0.8157649253731343
0.0005,1.0,0.0,60,0.02597787342014235,0.05986409566971628,0.4583086443325213,-0.10602876124181893,0.24383092988796662,66.5,0.7887126865671642
0.0005,1.0,0.25,10,0.021492988901611554,0.0609560046772047,0.3793039113311156,-0.10741118188819143,0.1983236018384693,102.5,0.8684701492537313
0.0005,1.0,0.25,20,0.02632599464588914,0.05963529824677642,0.46552166477352813,-0.10058083765749082,0.247426198453625,93.5,0.8246268656716418
0.0005,1.0,0.25,40,0.027746699071929726,0.05831032210009184,0.4984852353161437,-0.10058083765749015,0.26219397860118354,86.5,0.78125
0.0005,1.0,0.25,60,0.02670411622331703,0.0578423710516819,0.48449938590291297,-0.1005808376574886,0.25134168690479575,80.5,0.7360074626865671
0.0005,1.0,0.5,10,0.024150143326649776,0.05922490947862736,0.4324872669212685,-0.08416899124642152,0.2251044207580588,119.5,0.8451492537313433
0.0005,1.0,0.5,20,0.026569401408582216,0.05785780539092375,0.4821013178394678,-0.07716079114352248,0.24994545904530585,106.5,0.7975746268656716
0.0005,1.0,0.5,40,0.030165670088338148,0.05625381858418752,0.5563952076115337,-0.07716079114352303,0.2876936623008075,102.5,0.7467350746268657
0.0005,1.0,0.5,60,0.030755356485719476,0.055487609924702516,0.5736221451542713,-0.06385280516671443,0.2939783575289274,99.5,0.6958955223880597
0.0005,1.0,0.75,10,0.02225659523421397,0.05764108641140795,0.41065720207309286,-0.08162243705465366,0.20596638406355483,145.5,0.8372201492537313
0.0005,1.0,0.75,20,0.02765366156924065,0.05508134188802317,0.5227240429084473,-0.06573812442866966,0.26122218347742443,145.5,0.7798507462686567
0.0005,1.0,0.75,40,0.02599114516623624,0.053799929595985146,0.5037799835630092,-0.06212112298748862,0.24396782777705606,135.5,0.7061567164179104
0.0005,1.0,0.75,60,0.02760719453025473,0.05262650807390947,0.5437342470117204,-0.06097462030324008,0.26073707334133034,126.5,0.6473880597014925
0.0005,1.25,0.0,10,0.022304222326202217,0.06081512155354352,0.39309451351441016,-0.10895666108259705,0.2064444959541516,77.5,0.8451492537313433
0.0005,1.25,0.0,20,0.020998111119798546,0.059937633141569385,0.3766370806368573,-0.10602876124181748,0.19339332626813954,65.5,0.8017723880597015
0.0005,1.25,0.0,40,0.022415592252885252,0.0592620292660483,0.40366361551906477,-0.10602876124181648,0.20756315304440287,59.0,0.7523320895522388
0.0005,1.25,0.0,60,0.01847792261340775,0.05824788414118604,0.3434147079884283,-0.10602876124181848,0.1685623030390424,49.0,0.7122201492537313
0.0005,1.25,0.25,10,0.02410256563163249,0.059657247991362086,0.42901638349541316,-0.10352658032576134,0.2246202914461275,89.5,0.8283582089552238
0.0005,1.25,0.25,20,0.02360336106571359,0.05865484516366668,0.427026484457078,-0.10058083765749071,0.21955077907562637,79.5,0.78125
0.0005,1.25,0.25,40,0.024601364686187344,0.05742294057763481,0.4519114542593307,-0.10058083765749015,0.22970425043785148,71.0,0.722481343283582
0.0005,1.25,0.25,60,0.014793358794910505,0.056431692180665564,0.28839076839973915,-0.10058083765748993,0.13307942923050775,56.0,0.6721082089552238
0.0005,1.25,0.5,10,0.027088413266066702,0.057906707345546496,0.4904738493275214,-0.08018323823749274,0.25533223172882136,103.5,0.8055037313432836
0.0005,1.25,0.5,20,0.02388535507719225,0.05698170558001673,0.44268552179255816,-0.07716079114352326,0.2224121982834335,86.5,0.7574626865671642
0.0005,1.25,0.5,40,0.029270724234937484,0.05537560612092021,0.5486375737791267,-0.07716079114352292,0.27820706391311445,81.0,0.6935634328358209
0.0005,1.25,0.5,60,0.01856186757684064,0.05406726644866396,0.36713380308342114,-0.060974620303239746,0.16938200035957274,68.0,0.6296641791044776
0.0005,1.25,0.75,10,0.0279010499422927,0.05628125996768044,0.5170446544466357,-0.07320480961167053,0.2638076614976721,123.5,0.7933768656716418
0.0005,1.25,0.75,20,0.029165999556488353,0.054264779839963355,0.5568702206406393,-0.06155080496057841,0.2771010031309804,117.5,0.7285447761194029
0.0005,1.25,0.75,40,0.030419871824517886,0.05277545984746543,0.5941486326195844,-0.0609746203032403,0.29039955495343195,105.0,0.6408582089552238
0.0005,1.25,0.75,60,0.02203983828104583,0.051332986220379545,0.4502888702020232,-0.06097462030324019,0.20379254749887754,85.0,0.5811567164179104
0.0005,1.5,0.0,10,0.0207621258989219,0.059487253589674736,0.3751511504518069,-0.10602876124181848,0.1910486066545749,66.5,0.7873134328358209
0.0005,1.5,0.0,20,0.02404021824209379,0.05860359075963531,0.43463159016077985,-0.10602876124181837,0.22398612792123052,60.5,0.7481343283582089
0.0005,1.5,0.0,40,0.02314804489308253,0.0574745110211914,0.4268592909355885,-0.09968765835704751,0.2149431193572664,47.0,0.6856343283582089
0.0005,1.5,0.0,60,0.022333550650248002,0.05701900292003648,0.4158445053939953,-0.09968765835704863,0.20673899605661794,44.0,0.6697761194029851
0.0005,1.5,0.25,10,0.02088382085010121,0.058284866636850896,0.38371920743785193,-0.10058083765748993,0.19225724428766555,75.5,0.7723880597014925
0.0005,1.5,0.25,20,0.02557767036685976,0.057248631532720674,0.46975378633296777,-0.10058083765748993,0.2397090804293207,69.5,0.7271455223880597
0.0005,1.5,0.25,40,0.02135496395062253,0.05565910881688834,0.4074175996732851,-0.09420109164589474,0.19694670855215146,53.0,0.6497201492537313
0.0005,1.5,0.25,60,0.017751202724655357,0.05435740899842486,0.3508271519313313,-0.09420109164589718,0.1614872697792089,49.0,0.6161380597014925
0.0005,1.5,0.5,10,0.024562826467168897,0.056548127741311856,0.4573440184879271,-0.07716079114352203,0.22931079069451,84.5,0.7527985074626866
0.0005,1.5,0.5,20,0.028042393997333326,0.05538961034619067,0.526953245407005,-0.07716079114352303,0.2652869594371443,75.5,0.7010261194029851
0.0005,1.5,0.5,40,0.025720300910202942,0.053717165575602306,0.4995587366325449,-0.07061492242230027,0.24117670423292092,60.0,0.625
0.0005,1.5,0.5,60,0.02122475188507522,0.05205654363961465,0.42942307949393077,-0.0615819817325558,0.1956490341517656,57.0,0.5671641791044776
0.0005,1.5,0.75,10,0.02675406343813025,0.055316192055757156,0.5049061177397053,-0.07015943193826646,0.25185970560661164,98.5,0.7392723880597015
0.0005,1.5,0.75,20,0.032581347049917664,0.053031417151968824,0.6310551678196112,-0.06097462030324019,0.3136112284040953,95.5,0.6688432835820896
0.0005,1.5,0.75,40,0.029022646603538815,0.05109470313696272,0.5854246448553615,-0.060974620303240856,0.2755883351299304,76.0,0.5652985074626866
0.0005,1.5,0.75,60,0.02388926105818112,0.049517657136142146,0.5014617274912735,-0.06097462030323941,0.22245187419637968,68.0,0.5228544776119403
0.0005,1.75,0.0,10,0.02240331521623684,0.05785152724074714,0.41186436759457173,-0.10602876124181781,0.2074397912708641,57.5,0.742070895522388
0.0005,1.75,0.0,20,0.024750033380954273,0.05586903677308446,0.46549613634101433,-0.09987318578652626,0.23122313959570562,49.0,0.6735074626865671
0.0005,1.75,0.0,40,0.018913614578699,0.054936687462704824,0.3684813838461815,-0.09968765835704829,0.1728222242321762,38.0,0.6198694029850746
0.0005,1.75,0.0,60,0.023407008106330007,0.05503720165827669,0.44786909848083006,-0.09340313734760075,0.21756185980462228,39.0,0.6156716417910447
0.0005,1.75,0.25,10,0.023764254309718513,0.05657879641036298,0.44335351837068243,-0.09876468634099944,0.2211826526323557,66.5,0.7262126865671642
0.0005,1.75,0.25,20,0.02442828966887567,0.054638140127458636,0.46898897107579113,-0.09255909298890663,0.2279380947356553,55.0,0.6534514925373134
0.0005,1.75,0.25,40,0.017479586891290255,0.052372101911844327,0.3570016278070189,-0.09237205803313875,0.15885265521921066,43.0,0.5727611940298507
0.0005,1.75,0.25,60,0.020073455696534515,0.05232737651875273,0.40592495782094595,-0.08603647136369252,0.1842292914366508,43.0,0.5643656716417911
0.0005,1.75,0.5,10,0.026717740071697582,0.05482350919564162,0.5082993526179658,-0.0752973489196439,0.2514829654731374,72.5,0.707089552238806
0.0005,1.75,0.5,20,0.02767652370599527,0.05271705910172152,0.5441635233136218,-0.06893016763276194,0.26146092180951896,61.0,0.6296641791044776
0.0005,1.75,0.5,40,0.023549837776122517,0.050456338988010184,0.48648611886383486,-0.06873826245902814,0.21900834123849244,48.0,0.5494402985074627
0.0005,1.75,0.5,60,0.026722207553694366,0.04937604602372342,0.5587194870658374,-0.054915653395376074,0.2515292960835147,50.0,0.507929104477612
0.0005,1.75,0.75,10,0.027612849117385263,0.05408113644446496,0.5306434565784236,-0.06403793145682257,0.2607960977302539,79.5,0.6958955223880597
0.0005,1.75,0.75,20,0.03420453920056077,0.05100699202081285,0.6848266897670868,-0.06097462030324052,0.33128384110718145,76.0,0.6068097014925373
0.0005,1.75,0.75,40,0.025736948036710672,0.047792459709834895,0.5555280829739978,-0.060974620303240856,0.24134809785014832,57.0,0.49347014925373134
0.0005,1.75,0.75,60,0.027504438963669164,0.04694737196669297,0.6013530575069962,-0.05491565339537585,0.2596649025632798,57.0,0.4710820895522388
0.0005,2.0,0.0,10,0.024410426088329107,0.05547307758804182,0.46244688057011435,-0.1060287612418197,0.22775593212836198,50.0,0.6772388059701493
0.0005,2.0,0.0,20,0.025989058085053474,0.05326898879144316,0.5082245774878649,-0.09968765835704785,0.24394629868066464,40.0,0.613339552238806
0.0005,2.0,0.0,40,0.024509014057152223,0.05238645458949486,0.4883374672158175,-0.09340313734759897,0.22876157346283565,33.0,0.5764925373134329
0.0005,2.0,0.0,60,0.0216558648275047,0.051400920188211977,0.44244848542508336,-0.08586760084000189,0.19995019831351613,29.0,0.5569029850746269
0.0005,2.0,0.25,10,0.02444100696157059,0.054211441039094074,0.47248177594799184,-0.09876468634100044,0.22806779296765578,57.0,0.6613805970149254
0.0005,2.0,0.25,20,0.024932891427376314,0.05175580020591673,0.5016457887742424,-0.09237205803313941,0.2330935980970925,45.0,0.5914179104477612
0.0005,2.0,0.25,40,0.022525739989430082,0.0497439632253167,0.4726065361587057,-0.08603647136369164,0.20867043405353058,37.0,0.5307835820895522
0.0005,2.0,0.25,60,0.02023370559509652,0.04860949519324723,0.43632332013633324,-0.07843970391349064,0.1858130263338651,33.0,0.5069962686567164
0.0005,2.0,0.5,10,0.028576901050462622,0.052372868867359236,0.5641183759156371,-0.07529734891964657,0.2708949008592947,63.0,0.6403917910447762
0.0005,2.0,0.5,20,0.030578455345483535,0.049767377354563214,0.6300288212900013,-0.06873826245902959,0.2920901640331848,51.0,0.5690298507462687
0.0005,2.0,0.5,40,0.02947516236297454,0.04702625084286896,0.6411502693189531,-0.062237702948548024,0.2803686949650219,41.0,0.4925373134328358
0.0005,2.0,0.5,60,0.027748509492577123,0.04542222950757682,0.6252033914045919,-0.06302262074347842,0.26221289535533154,38.0,0.4458955223880597
0.0005,2.0,0.75,10,0.028715726438321543,0.0519122761292235,0.5712621442735799,-0.06403793145682413,0.27235501247958394,69.0,0.6296641791044776
0.0005,2.0,0.75,20,0.040220974273925014,0.04808462013346328,0.8440712401545333,-0.054915653395376074,0.3986323570490202,65.0,0.5410447761194029
0.0005,2.0,0.75,40,0.029547069695776917,0.044851022892912006,0.6715772205245282,-0.05491565339537541,0.281129775251054,47.0,0.43843283582089554
0.0005,2.0,0.75,60,0.02651479499749354,0.04310659563794729,0.628545608066653,-0.054915653395376185,0.2493798922531374,41.0,0.40158582089552236
0.001,1.0,0.0,10,0.028401745733742434,0.06010869740171276,0.4959356425193597,-0.06749524019438535,0.26905479494191464,104.5,0.8694029850746269
0.001,1.0,0.0,20,0.026086717632142875,0.05963439643892875,0.4616091006381421,-0.07187034443968598,0.2449540492157818,95.5,0.832089552238806
0.001,1.0,0.0,40,0.03363004790824031,0.05843847484916887,0.5952013483618528,-0.07062982451401534,0.32500518890503116,86.5,0.7798507462686567
0.001,1.0,0.0,60,0.03507552416191606,0.05807095116038922,0.6226676665395295,-0.06672045895709089,0.34085297171955964,82.0,0.7541977611940298
0.001,1.0,0.25,10,0.029332147422130417,0.05893752807665303,0.5199522939320426,-0.0650071621660131,0.27885618463744755,123.5,0.8484141791044776
0.001,1.0,0.25,20,0.02884425052173345,0.058048639251966724,0.51884995221172,-0.07148682845934518,0.2737080984039211,118.5,0.8036380597014925
0.001,1.0,0.25,40,0.035160328679325836,0.05673527008112193,0.6374191584885588,-0.06392574338043588,0.3417879164198516,100.5,0.738339552238806
0.001,1.0,0.25,60,0.034768378016925894,0.056403410818614254,0.6341217234992074,-0.06447541324021311,0.33747158618296913,96.0,0.7052238805970149
0.001,1.0,0.5,10,0.029088934111534792,0.05799194976135041,0.523401750087325,-0.06632150672648662,0.27628760781370776,147.5,0.8325559701492538
0.001,1.0,0.5,20,0.027678833573995476,0.05721703255515614,0.5057421482466875,-0.06823920637221681,0.2614850448715005,137.5,0.7798507462686567
0.001,1.0,0.5,40,0.03447148785833565,0.05511317476818288,0.6424514608120789,-0.05183123001763834,0.33421026379036056,121.5,0.6940298507462687
0.001,1.0,0.5,60,0.03487800593425483,0.05431266393060988,0.6583469505124458,-0.05526714646064668,0.33867762017712977,115.0,0.652518656716418
0.001,1.0,0.75,10,0.02903509275917293,0.05665494582928887,0.5334745956709116,-0.07036650669593869,0.2757196049206958,180.5,0.8157649253731343
0.001,1.0,0.75,20,0.02628931604241802,0.05459688070401144,0.5025404317674261,-0.09040775344830665,0.24704696355117672,172.5,0.7453358208955224
0.001,1.0,0.75,40,0.02985269146521974,0.051624972079152204,0.5955587520310286,-0.06848744948751684,0.2843689878280886,154.5,0.6487873134328358
0.001,1.0,0.75,60,0.02750750278451153,0.05100255219510924,0.5574976566057893,-0.058482154585338675,0.2596968594004674,149.0,0.6007462686567164
0.001,1.25,0.0,10,0.026430134738481215,0.05903129042519522,0.4713870725558782,-0.07769662374750519,0.24850349970453234,90.5,0.8194962686567164
0.001,1.25,0.0,20,0.031000233046487802,0.05811179276109312,0.5543741206490511,-0.06387236855576961,0.2965961198561837,82.5,0.7723880597014925
0.001,1.25,0.0,40,0.03526070786431901,0.05638108214998489,0.6427846522413649,-0.06097462030323986,0.34289531065662904,72.0,0.6879664179104478
0.001,1.25,0.0,60,0.03130769716810189,0.054704342429997194,0.5908391162425812,-0.06097462030323908,0.2998895683549907,62.0,0.6394589552238806
0.001,1.25,0.25,10,0.028832712667143934,0.05797750006930624,0.5192208034234183,-0.0760584379456879,0.2735865774154118,105.5,0.7980410447761194
0.001,1.25,0.25,20,0.03274614396668274,0.05647351266128787,0.598758732057642,-0.06097462030324019,0.3153959731266498,98.5,0.7378731343283582
0.001,1.25,0.25,40,0.03297262604983531,0.05499489199704311,0.6173465904916051,-0.06097462030324019,0.31785225708673437,79.0,0.6529850746268657
0.001,1.25,0.25,60,0.02738183768526037,0.05350394069072416,0.5315913883536033,-0.06097462030323997,0.25838671073064035,67.0,0.5965485074626866
0.001,1.25,0.5,10,0.027487231991197625,0.057042457187679904,0.5038453939424972,-0.07118093080973487,0.259485440471948,122.5,0.7798507462686567
0.001,1.25,0.5,20,0.03423685003151289,0.055535968822996384,0.6338961727191704,-0.0516647036933513,0.3316377467798557,113.5,0.7094216417910447
0.001,1.25,0.5,40,0.03067617694558722,0.05342682832856079,0.5922093000654531,-0.05166470369335141,0.29313291635726846,89.0,0.6068097014925373
0.001,1.25,0.5,60,0.025090510977387792,0.05214529975306204,0.501242021252345,-0.05302718987481014,0.23470790337891922,75.0,0.5569029850746269
0.001,1.25,0.75,10,0.030464150695563186,0.055819906742136535,0.5654768074877367,-0.06546457151383667,0.29087140153982904,151.5,0.7625932835820896
0.001,1.25,0.75,20,0.03447643944068379,0.0530345259753877,0.665597147853113,-0.051664703693351854,0.3342645990569393,138.5,0.6735074626865671
0.001,1.25,0.75,40,0.031017970761136215,0.05007502240987639,0.6350031647176169,-0.05166470369335241,0.2967859197247369,111.0,0.5638992537313433
0.001,1.25,0.75,60,0.025930744421179597,0.04900556653504762,0.5468359028920284,-0.051664703693352076,0.24334490229756645,96.0,0.5107276119402985
0.001,1.5,0.0,10,0.029656590405858774,0.05729918969861803,0.5386527638002805,-0.062147808329611975,0.28228972945947106,80.5,0.7658582089552238
0.001,1.5,0.0,20,0.03370745350328974,0.055372093735129475,0.6263593430881744,-0.0675933318957953,0.3258496334610408,73.0,0.6996268656716418
0.001,1.5,0.0,40,0.03122627898268715,0.05326764756926023,0.6038357390435096,-0.06097462030324052,0.2990167273255959,59.0,0.621268656716418
0.001,1.5,0.0,60,0.030431677030028137,0.052260070543282765,0.599709890526467,-0.06097462030324041,0.2905253392569558,53.0,0.5904850746268657
0.001,1.5,0.25,10,0.03156038124222538,0.05629752663305092,0.5800420863565596,-0.06097462030324019,0.3026017563590746,92.5,0.7425373134328358
0.001,1.5,0.25,20,0.03589901901624004,0.054140642022956896,0.6784845967260176,-0.060974620303240745,0.3499561201053514,83.0,0.6697761194029851
0.001,1.5,0.25,40,0.02766457300587133,0.0522363291900161,0.5484759184329006,-0.06097462030323941,0.2613361214041434,63.0,0.5909514925373134
0.001,1.5,0.25,60,0.026327816276928484,0.050964559645845516,0.5353341024969993,-0.060974620303239524,0.24744503568550114,57.0,0.5480410447761194
0.001,1.5,0.5,10,0.03122267885625174,0.05532408809742447,0.5833468897751378,-0.06097462030323997,0.29897814422958247,107.5,0.7220149253731343
0.001,1.5,0.5,20,0.03655402270877017,0.053247741934998094,0.7008332388974557,-0.05166470369335119,0.35723561545421045,92.0,0.6431902985074627
0.001,1.5,0.5,40,0.02502591152167133,0.05091506563719696,0.5108699438710386,-0.05283200689784151,0.2340460643482971,69.0,0.5443097014925373
0.001,1.5,0.5,60,0.022240874729154925,0.049618418763259786,0.46806979505104856,-0.05306393397561571,0.20580860806246082,62.0,0.5139925373134329
0.001,1.5,0.75,10,0.03145821419872963,0.05417290554561143,0.5987931893713676,-0.0516647036933513,0.3015045442129549,125.5,0.7000932835820896
0.001,1.5,0.75,20,0.03572548366910566,0.050607616837573144,0.7188771161106381,-0.05166470369335163,0.3480332882080881,106.0,0.6012126865671642
0.001,1.5,0.75,40,0.030758167912232848,0.047936117378225784,0.6558878771704595,-0.05166470369335219,0.2940083855585356,87.0,0.5032649253731343
0.001,1.5,0.75,60,0.022597083350000657,0.04674581968581583,0.501321179366117,-0.05548387913927688,0.20938810473607972,73.0,0.46222014925373134
0.001,1.75,0.0,10,0.03796236890550153,0.05492929676456703,0.7057469246863879,-0.060974620303239635,0.3730049346744051,74.0,0.7024253731343284
0.001,1.75,0.0,20,0.03707293363027753,0.05316184943512891,0.7112880489124236,-0.054915653395375075,0.363027189830073,64.0,0.6291977611940298
0.001,1.75,0.0,40,0.028738488954968888,0.051518818737167155,0.5756694738868045,-0.054915653395376074,0.272594561013521,51.0,0.5764925373134329
0.001,1.75,0.0,60,0.0279888848949843,0.051081271049729614,0.5658891623476168,-0.05975941400561946,0.26472675691859493,47.0,0.5443097014925373
0.001,1.75,0.25,10,0.04277113581288927,0.053621312222800234,0.807851291751618,-0.06097462030323997,0.4280745118771505,85.0,0.6772388059701493
0.001,1.75,0.25,20,0.037459794922381606,0.05184416629807382,0.7352276377777387,-0.05491565339537541,0.3673591351711465,71.0,0.5932835820895522
0.001,1.75,0.25,40,0.025700766561422395,0.05053180431119653,0.5273900350962971,-0.05491565339537563,0.24097561130669232,53.0,0.5415111940298507
0.001,1.75,0.25,60,0.02378640583687841,0.049764618909004986,0.4972046912193084,-0.059759414005619904,0.22140747724487442,49.0,0.498134328358209
0.001,1.75,0.5,10,0.03957870188257928,0.05295700156524325,0.7594086571120549,-0.0609746203032403,0.39130217072446327,89.0,0.6581156716417911
0.001,1.75,0.5,20,0.038363272160998774,0.05113355114400658,0.7617549356816531,-0.05090412627035157,0.37752332851076553,76.0,0.5750932835820896
0.001,1.75,0.5,40,0.023459971673025937,0.049206775391348684,0.49579757565034255,-0.05090412627035057,0.2180980618757542,56.0,0.5
0.001,1.75,0.5,60,0.022804348107462902,0.048275701024458814,0.4911445091697421,-0.05303302462636317,0.21147519536339487,53.0,0.45988805970149255
0.001,1.75,0.75,10,0.039240249580155595,0.051909438610796804,0.7674004779807287,-0.05166470369335219,0.38745310725588844,103.0,0.6361940298507462
0.001,1.75,0.75,20,0.039565888289579965,0.04883744372662274,0.8189190529842796,-0.050904126270351124,0.3911562761438656,86.0,0.5387126865671642
0.001,1.75,0.75,40,0.029750081788640914,0.04562173487706911,0.6653392075389994,-0.04554566548403638,0.28328064723513036,69.0,0.4556902985074627
0.001,1.75,0.75,60,0.021201133825948792,0.04518012271575806,0.48686534107797014,-0.06316214772322981,0.19541379309266893,59.0,0.4085820895522388
0.001,2.0,0.0,10,0.03286108922320463,0.05272828118757558,0.6395115460592682,-0.05491565339537574,0.3166420925983673,63.0,0.6380597014925373
0.001,2.0,0.0,20,0.03644918316999157,0.048895292618320596,0.7565790321477026,-0.05491565339537574,0.3560681400019974,51.0,0.5461753731343284
0.001,2.0,0.0,40,0.03521402756745662,0.04701518052107139,0.7595473275519088,-0.059759414005620015,0.3423802281927033,42.0,0.4920708955223881
0.001,2.0,0.0,60,0.03253640872367414,0.04757831936598548,0.6966843439441037,-0.05975941400561924,0.31312491889911764,38.0,0.4603544776119403
0.001,2.0,0.25,10,0.03442167964504517,0.0516992889142401,0.6804085686015645,-0.05491565339537596,0.3336638112379975,70.0,0.6138059701492538
0.001,2.0,0.25,20,0.03401374636997123,0.04769027510684196,0.7251399285741793,-0.05491565339537541,0.32919574847244437,54.0,0.5125932835820896
0.001,2.0,0.25,40,0.03242062175970295,0.04609571840872277,0.715145269413426,-0.059759414005619904,0.3118726379927039,43.0,0.4650186567164179
0.001,2.0,0.25,60,0.02807659589802136,0.04631345700200434,0.6209561570245318,-0.05975941400561924,0.2656451438885423,38.0,0.4146455223880597
0.001,2.0,0.5,10,0.03225631770463799,0.05106657826410602,0.6471627573584766,-0.05491565339537641,0.3100974347601497,73.0,0.5970149253731343
0.001,2.0,0.5,20,0.037311344172217265,0.04686794197497382,0.8049781726239192,-0.052832006897840955,0.3656953981402491,59.0,0.4920708955223881
0.001,2.0,0.5,40,0.031081026882543883,0.0446215712847592,0.7081703812672271,-0.05278614597842424,0.297460841214255,45.0,0.4239738805970149
0.001,2.0,0.5,60,0.03140288924339196,0.0448145252098626,0.7122870756334749,-0.04367867406500803,0.3009107281835328,42.0,0.3824626865671642
0.001,2.0,0.75,10,0.03331207757974575,0.050033546867653454,0.6799131964815026,-0.05090412627035179,0.3215413171486692,84.0,0.5718283582089553
0.001,2.0,0.75,20,0.038923061150608174,0.044983091365009324,0.8713010671523218,-0.052832006897840955,0.38385440114495295,66.0,0.45988805970149255
0.001,2.0,0.75,40,0.03113383513292467,0.04202819106812829,0.7504097214857327,-0.04459061003889486,0.29802631305606897,51.0,0.3843283582089552
0.001,2.0,0.75,60,0.03420648383015168,0.040642251018810645,0.8478116743251134,-0.04364217449471097,0.3313051385968804,48.0,0.33908582089552236
0.005,1.0,0.0,10,0.03389136993613029,0.058054069510930596,0.603118110136813,-0.09130040436485864,0.32785794684291125,161.5,0.8171641791044776
0.005,1.0,0.0,20,0.03189121024553909,0.05687654634089397,0.580365591327552,-0.08808124133842288,0.30616026257906115,143.0,0.7653917910447762
0.005,1.0,0.0,40,0.025879654483551562,0.0560067103588635,0.48417157109823444,-0.08644411166432375,0.24281821602486664,122.0,0.7061567164179104
0.005,1.0,0.0,60,0.02539493599249454,0.055539730007583034,0.4792635637656997,-0.0798242683129099,0.2378310386698128,113.0,0.6819029850746269
0.005,1.0,0.25,10,0.03149222117752948,0.05723866137512871,0.5702951363149305,-0.09640443727419912,0.3018696679712203,180.5,0.7845149253731343
0.005,1.0,0.25,20,0.030223319834807638,0.0559651008517298,0.559989728906082,-0.08131764145045717,0.28830688520042136,161.0,0.7285447761194029
0.005,1.0,0.25,40,0.025756636550094747,0.05477131847528754,0.4916523675116082,-0.07450438687256922,0.2415508315949535,137.0,0.6576492537313433
0.005,1.0,0.25,60,0.02473830793946874,0.05388498863904378,0.4804110832325256,-0.07347555539496409,0.23110328529639013,125.0,0.6305970149253731
0.005,1.0,0.5,10,0.01776915029437065,0.05401313528751612,0.35312538760249845,-0.1005635687767984,0.16166154332573757,198.5,0.7611940298507462
0.005,1.0,0.5,20,0.015572226718248094,0.0520108634732598,0.3231313579848297,-0.08967889253531947,0.14049974482622818,187.0,0.691231343283582
0.005,1.0,0.5,40,0.01257413456854617,0.050355112266761246,0.27336168317572324,-0.09048044333622263,0.11216985781450495,160.0,0.6063432835820896
0.005,1.0,0.5,60,0.016733320295611476,0.04842202666169687,0.3669432281909497,-0.08998213590239124,0.15164116105235426,150.0,0.5708955223880597
0.005,1.0,0.75,10,0.015355458920870202,0.05131391838697932,0.32263480768300784,-0.11828898710767699,0.13843029252938566,231.5,0.7327425373134329
0.005,1.0,0.75,20,0.012741816275791296,0.048188763425028,0.2868446204337035,-0.10955264130046038,0.11373777894434123,222.0,0.6450559701492538
0.005,1.0,0.75,40,0.01357861347411582,0.04586395183230583,0.31701215624191326,-0.10241631932223738,0.12159151101120624,203.0,0.554570895522388
0.005,1.0,0.75,60,0.014989778566782741,0.04478216420431381,0.3546458695559649,-0.08558225647995865,0.13494670198114145,191.0,0.5177238805970149
0.005,1.25,0.0,10,0.03423340334320768,0.056214055198613486,0.6268745767004726,-0.08434763428206948,0.33159999069902946,135.0,0.7322761194029851
0.005,1.25,0.0,20,0.026235852724264985,0.05470861108047787,0.5006903322426974,-0.08300466562671016,0.24649436693353044,115.0,0.6674440298507462
0.005,1.25,0.0,40,0.02903422604901862,0.053848692494611834,0.5583948018778714,-0.07772402256961408,0.27571046332950355,100.0,0.6114738805970149
0.005,1.25,0.0,60,0.02979673539900407,0.05291244937836976,0.5813316850247243,-0.07806444445259286,0.28377538284633874,92.0,0.582089552238806
0.005,1.25,0.25,10,0.032419391644501694,0.0554631281458577,0.6029499016410995,-0.07435452958797839,0.3118593394795748,148.0,0.7019589552238806
0.005,1.25,0.25,20,0.025983180645847703,0.0537887905928663,0.5037464064412799,-0.07475080756600072,0.24388567225708058,126.0,0.628731343283582
0.005,1.25,0.25,40,0.03162866781941265,0.05254121170517028,0.6188966863366975,-0.06713885672870534,0.3033355678627301,110.0,0.5676305970149254
0.005,1.25,0.25,60,0.029334650446798838,0.05163679417791264,0.5857091896814133,-0.06734627635580281,0.2788826427893809,100.0,0.539179104477612
0.005,1.25,0.5,10,0.01783094738063329,0.0521915694685262,0.3647610086886704,-0.07716628883007237,0.16226177866414648,160.0,0.6786380597014925
0.005,1.25,0.5,20,0.015215749452180072,0.04994482176098344,0.3273627501960302,-0.08047972199872122,0.13709826224745592,141.0,0.59375
0.005,1.25,0.5,40,0.016077430837681206,0.04828600145024197,0.35449480383827386,-0.0823445996774117,0.1453357486661757,119.0,0.5163246268656716
0.005,1.25,0.5,60,0.017661734281264163,0.046381005954048246,0.4006868087389525,-0.08294849732232079,0.16061886213761434,111.0,0.48134328358208955
0.005,1.25,0.75,10,0.01904932322992403,0.04944947522837338,0.4063427477913319,-0.08716220469256863,0.17415189385523022,185.0,0.652518656716418
0.005,1.25,0.75,20,0.017745766032630783,0.04618802300295486,0.4039474172660193,-0.08795463270459647,0.16143448325174092,168.0,0.550839552238806
0.005,1.25,0.75,40,0.02210048616248428,0.04364767038686785,0.5226712902586829,-0.07424732121572541,0.2044004311258052,150.0,0.458955223880597
0.005,1.25,0.75,60,0.022338474733469837,0.04272674051910729,0.5384578093805346,-0.06118747473257469,0.20678844741329505,137.0,0.41884328358208955
0.005,1.5,0.0,10,0.029630110424564426,0.05379514505964162,0.5696610400896522,-0.07385312484387374,0.2820091901348496,111.0,0.6441231343283582
0.005,1.5,0.0,20,0.02183217473623511,0.052276118213761505,0.43923305321561545,-0.08131251192314082,0.20171315204530993,90.0,0.5797574626865671
0.005,1.5,0.0,40,0.02863405762929161,0.050055584092653614,0.5889833300990845,-0.07806444445259353,0.2714958724364389,78.0,0.5144589552238806
0.005,1.5,0.0,60,0.024385064887984642,0.04939891724958887,0.5123505905972882,-0.08756198858737885,0.22749735403144133,67.0,0.48367537313432835
0.005,1.5,0.25,10,0.02901010136293447,0.05304460182398926,0.5656089423524993,-0.06516037527447416,0.27545603235120386,122.0,0.6175373134328358
0.005,1.5,0.25,20,0.02159264550102713,0.05134373666886744,0.44170252757790773,-0.06831043260834313,0.19931861330538303,97.0,0.5475746268656716
0.005,1.5,0.25,40,0.02712885216992844,0.049037103808741295,0.5703223189778267,-0.07051345167013223,0.25575280208267204,83.0,0.4855410447761194
0.005,1.5,0.25,60,0.023565689859187167,0.04818654958720333,0.507406733528767,-0.07818294302150164,0.21916897377333333,72.0,0.45242537313432835
0.005,1.5,0.5,10,0.01576478610990617,0.049727139531385,0.3394528297078663,-0.06800006286406979,0.14234086637343424,130.0,0.5970149253731343
0.005,1.5,0.5,20,0.012673850837139344,0.047374724729723504,0.2895674448175167,-0.0756731327159913,0.11310202778053546,108.0,0.5130597014925373
0.005,1.5,0.5,40,0.012507419615359172,0.04460001866615101,0.3010151719398926,-0.08972348598470081,0.11154657621984287,87.0,0.43283582089552236
0.005,1.5,0.5,60,0.01000825848112119,0.04393231839713293,0.24866126751441422,-0.0921315908063075,0.08841917982725978,76.0,0.39972014925373134
0.005,1.5,0.75,10,0.017236738725318945,0.046977982310618005,0.38729174384522497,-0.07714080856172523,0.15650154770164781,149.0,0.5718283582089553
0.005,1.5,0.75,20,0.01548326203757755,0.04377090050462871,0.3729263075174787,-0.08261160521732636,0.13965000998169597,125.0,0.466884328358209
0.005,1.5,0.75,40,0.019782045196991893,0.041313978795956253,0.49482656682947657,-0.06992211207238519,0.18135409129275226,108.0,0.3773320895522388
0.005,1.5,0.75,60,0.018851305753623704,0.04063541090536878,0.47993346291468014,-0.05624762402348438,0.17221216932107675,95.0,0.3400186567164179
0.005,1.75,0.0,10,0.025501160355736685,0.05019180386352562,0.5267402562870841,-0.06643471952896418,0.23892244752577274,88.0,0.5601679104477612
0.005,1.75,0.0,20,0.023996932831211515,0.04924743621115855,0.5060791904812774,-0.0664347195289634,0.22354602286812053,70.0,0.4855410447761194
0.005,1.75,0.0,40,0.02548736490684722,0.048301201326776025,0.5451529257182852,-0.08562389956673677,0.23878065735984033,61.0,0.4454291044776119
0.005,1.75,0.0,60,0.024671794831661265,0.046868175617123024,0.5433853143186498,-0.0827239028082073,0.2304236010861056,53.0,0.4076492537313433
0.005,1.75,0.25,10,0.02695505585456015,0.04938880105572655,0.5631833822318356,-0.05858098684972557,0.25394617637970707,96.0,0.5354477611940298
0.005,1.75,0.25,20,0.023064152328425624,0.04836505867394345,0.4955781709272655,-0.05858098684972668,0.21409583048274605,74.0,0.46222014925373134
0.005,1.75,0.25,40,0.023538856517933082,0.047413586829263686,0.5143474513538822,-0.07228582753774682,0.2188970767603211,63.0,0.41744402985074625
0.005,1.75,0.25,60,0.020681140824456934,0.04575333471578074,0.47020434632876,-0.08164767205178303,0.19024488657223593,53.0,0.3763992537313433
0.005,1.75,0.5,10,0.013482767233054416,0.04605437092250949,0.3138451422396399,-0.055954302993262206,0.1206894779873866,100.0,0.5158582089552238
0.005,1.75,0.5,20,0.01585057348600638,0.044130888169397406,0.3784422124062769,-0.05983788971890314,0.14316195092270867,81.0,0.43097014925373134
0.005,1.75,0.5,40,0.010735545583377082,0.04304633648013286,0.26960784579925967,-0.08432327166701659,0.0951053219089355,66.0,0.37546641791044777
0.005,1.75,0.5,60,0.009322883433162898,0.041658826050859,0.24359909846119385,-0.08989995407357809,0.08215134278238057,56.0,0.33675373134328357
0.005,1.75,0.75,10,0.015186694638205767,0.04461772173876785,0.3601407346162994,-0.056570672833296864,0.13682141811062576,111.0,0.4878731343283582
0.005,1.75,0.75,20,0.01705386721144131,0.04146826344176772,0.4285360375870662,-0.06722416273404686,0.1547338768172153,92.0,0.38572761194029853
0.005,1.75,0.75,40,0.015663892898949427,0.039833591670958214,0.4101206077760249,-0.06616556072718027,0.14137586748439568,79.0,0.31949626865671643
0.005,1.75,0.75,60,0.015690877021337313,0.038204507154842776,0.42663676155246505,-0.061876185480030044,0.1416338881703214,69.0,0.27845149253731344
0.005,2.0,0.0,10,0.02461461451983893,0.048281308062078504,0.527720894828114,-0.06643471952896318,0.2298395515895102,73.0,0.4846082089552239
0.005,2.0,0.0,20,0.026197368924171904,0.04477806825921238,0.5998272003063914,-0.06748525336537259,0.24609673231206997,58.0,0.4141791044776119
0.005,2.0,0.0,40,0.01794504391664198,0.044256660397664724,0.423924859351528,-0.07773703456531844,0.16337071794208757,43.0,0.3689365671641791
0.005,2.0,0.0,60,0.016941971040742354,0.0429578784453531,0.4124739682283589,-0.0732075353487972,0.15365344328744657,37.0,0.3246268656716418
0.005,2.0,0.25,10,0.027143496136832868,0.04766571108201398,0.585638518847069,-0.05569638992372272,0.2559051320854713,79.0,0.46548507462686567
0.005,2.0,0.25,20,0.02604114080662523,0.043941280188025116,0.6069411871025683,-0.05388259155825159,0.24448365155422502,60.0,0.3903917910447761
0.005,2.0,0.25,40,0.014726956967999305,0.0434625601848869,0.3580134460291997,-0.08349246042277625,0.13244879094815198,43.0,0.34375
0.005,2.0,0.25,60,0.013636725784658799,0.04187155886355628,0.34432305400570146,-0.07334663827235932,0.12213873248729312,37.0,0.3003731343283582
0.005,2.0,0.5,10,0.016650984580195427,0.044260322249701875,0.3952595118655954,-0.0543843261253707,0.15084794662624978,83.0,0.45009328358208955
0.005,2.0,0.5,20,0.016430579414044244,0.03996247418750626,0.4277997668494116,-0.05861260339896823,0.1487269565002869,62.0,0.36473880597014924
0.005,2.0,0.5,40,0.0038681429444924476,0.038977563061935255,0.11854955874634217,-0.08523032069342074,0.03339182712107247,45.0,0.3087686567164179
0.005,2.0,0.5,60,0.0035264701079495975,0.03767812882829614,0.11228312959069452,-0.07972025498197799,0.030403224270038942,39.0,0.2691231343283582
0.005,2.0,0.75,10,0.017486420446039652,0.04293187418736287,0.425272798700502,-0.054384326125370475,0.15891887448836917,91.0,0.425839552238806
0.005,2.0,0.75,20,0.013023740585830001,0.038473822102609745,0.35556644093157136,-0.06715879626952115,0.1163783317608742,67.0,0.3260261194029851
0.005,2.0,0.75,40,0.01318804369970139,0.035096638212921534,0.3908643439515038,-0.06027528189847542,0.11791977041815294,54.0,0.24953358208955223
0.005,2.0,0.75,60,0.011054990197435721,0.033226703903026,0.347515904424498,-0.05184115149223212,0.09805349838106214,45.0,0.20708955223880596
0.01,1.0,0.0,10,0.03125861368161509,0.057746258982824546,0.5618624165914865,-0.0853441017144887,0.299363308487927,173.5,0.8022388059701493
0.01,1.0,0.0,20,0.03558254858334742,0.05679119176123898,0.6440361303912319,-0.07855442034740012,0.34645133345547663,158.0,0.7593283582089553
0.01,1.0,0.0,40,0.03409083185583195,0.05614136118758594,0.6251574810957341,-0.07736485690716455,0.3300390463913925,144.0,0.7117537313432836
0.01,1.0,0.0,60,0.03815739848599842,0.05565749952927539,0.7006328390221965,-0.07159947170270042,0.37520138591253427,138.0,0.683768656716418
0.01,1.0,0.25,10,0.01961050641363582,0.054281271383860845,0.38494941795296456,-0.09601407862752098,0.17966448675115054,199.5,0.7607276119402985
0.01,1.0,0.25,20,0.018683047961943755,0.052829272935290536,0.37683433133659067,-0.10152120989001812,0.170566185290272,182.0,0.7052238805970149
0.01,1.0,0.25,40,0.019297397978319086,0.051867960551453186,0.39447261234129494,-0.09448941960326951,0.1765859623148236,163.0,0.6450559701492538
0.01,1.0,0.25,60,0.022654637948796852,0.051224622104050294,0.462976818532886,-0.0932038457444061,0.20996734290895813,154.0,0.6147388059701493
0.01,1.0,0.5,10,0.012326377646848297,0.0524342171852648,0.25988297106590486,-0.12923478071948624,0.10985675228244518,226.5,0.7308768656716418
0.01,1.0,0.5,20,0.017860315976455876,0.050589673081813384,0.37524120495051266,-0.10482064543062941,0.1625471318786813,221.0,0.6585820895522388
0.01,1.0,0.5,40,0.01817741558688346,0.049844675777934395,0.38634990693096893,-0.09312820254926779,0.16563209719973448,195.0,0.5844216417910447
0.01,1.0,0.5,60,0.027461761782464844,0.04826799730039142,0.5854251073326875,-0.08171127275841661,0.25921983742778054,187.0,0.5527052238805971
0.01,1.0,0.75,10,0.015561157227500289,0.05009772027625966,0.33326465415154977,-0.12877662582098404,0.14039398554546545,268.5,0.6958955223880597
0.01,1.0,0.75,20,0.0220548164783283,0.04747617283167548,0.4832354020589453,-0.10023060896283564,0.2039426512361462,257.0,0.6180037313432836
0.01,1.0,0.75,40,0.022037186970165212,0.0460059270330177,0.49681115615776045,-0.10125453518655048,0.2037659791545674,232.0,0.5410447761194029
0.01,1.0,0.75,60,0.027402574138210234,0.04528236532194691,0.61965803307308,-0.08720455167468577,0.2586028202296915,221.0,0.5074626865671642
0.01,1.25,0.0,10,0.0405697453284779,0.05549835314310584,0.744308616802038,-0.07120045582485479,0.4026271044105778,154.0,0.7238805970149254
0.01,1.25,0.0,20,0.03055701006062872,0.05411901215605843,0.5832001735446943,-0.06754400971689967,0.29186142836317597,130.0,0.6585820895522388
0.01,1.25,0.0,40,0.024220826571546894,0.0532064054362058,0.4763631770582695,-0.07299552387117592,0.22582397364106344,111.0,0.6068097014925373
0.01,1.25,0.0,60,0.02542930253741993,0.052891494106019205,0.5011785546762371,-0.06936209310023378,0.23818404700022788,104.0,0.5862873134328358
0.01,1.25,0.25,10,0.02812715668141652,0.05186168940742957,0.5608414013583507,-0.07903033832705153,0.26617481306429003,173.0,0.6805037313432836
0.01,1.25,0.25,20,0.014169946386280996,0.05004578168886502,0.3062080430665124,-0.08290520705559823,0.12717087737800048,141.0,0.6049440298507462
0.01,1.25,0.25,40,0.010553449866347542,0.048944548802134905,0.238996770240249,-0.09020118354052575,0.09342787565273691,121.0,0.5522388059701493
0.01,1.25,0.25,60,0.010891357778187949,0.04874076857676489,0.24664948804798403,-0.09101853213191724,0.09654244965371128,112.0,0.5289179104477612
0.01,1.25,0.5,10,0.02322388392645136,0.05002703622945739,0.4839699665999433,-0.092756849519541,0.21570951908897062,195.0,0.6497201492537313
0.01,1.25,0.5,20,0.017844191974980106,0.04843125198753635,0.38943341764481776,-0.08120364481695785,0.16239045906970473,170.0,0.5541044776119403
0.01,1.25,0.5,40,0.015218994995171542,0.04731122983598145,0.34293473345557984,-0.0965027850261444,0.13712919057726225,143.0,0.48600746268656714
0.01,1.25,0.5,60,0.018234742135693205,0.04570412991985503,0.4182409847311288,-0.08456788862559828,0.16619058008599685,133.0,0.4556902985074627
0.01,1.25,0.75,10,0.026081125786943327,0.04770260703766923,0.5635987348637269,-0.08298388526123934,0.2448963274308995,228.0,0.6152052238805971
0.01,1.25,0.75,20,0.025077937659387706,0.04518809294230091,0.5707265183952471,-0.06652881106735387,0.23457906176454868,193.0,0.5167910447761194
0.01,1.25,0.75,40,0.023184910143754678,0.043500527107979234,0.5486553404387277,-0.0946587169644082,0.21531561195086657,167.0,0.44869402985074625
0.01,1.25,0.75,60,0.022937527846244254,0.0428828683093763,0.5502950163190298,-0.08265965349921756,0.212817949977816,152.0,0.41651119402985076
0.01,1.5,0.0,10,0.02991288964098815,0.05265547135305945,0.5860510746785871,-0.07598545934192702,0.28500786529762223,120.0,0.6100746268656716
0.01,1.5,0.0,20,0.019855251025795218,0.051493292884658766,0.4075108214454125,-0.07758348219296873,0.1820757962149433,97.0,0.5494402985074627
0.01,1.5,0.0,40,0.022185486790284425,0.05026657429819968,0.46161988822519967,-0.06944886316846444,0.20525286218789374,84.0,0.5013992537313433
0.01,1.5,0.0,60,0.021852613987616287,0.04970285101561155,0.4597350334221196,-0.07511724033426026,0.20191767547984907,78.0,0.47761194029850745
0.01,1.5,0.25,10,0.01635504483708239,0.04900587084239358,0.35557584547860377,-0.08651815532252516,0.1480008706410434,127.0,0.566231343283582
0.01,1.5,0.25,20,0.005712887518386278,0.04737041962256751,0.14397618418166155,-0.08970879869744297,0.04966028495713415,103.0,0.5023320895522388
0.01,1.5,0.25,40,0.007353693267880823,0.04601856637590825,0.1822574958075095,-0.08668455519236662,0.06431972158776333,88.0,0.4496268656716418
0.01,1.5,0.25,60,0.006588913552941111,0.045703616693534864,0.16657972590130932,-0.09337502448421975,0.057464629986907045,82.0,0.4295708955223881
0.01,1.5,0.5,10,0.016683219696835616,0.047401593995761694,0.3727868655013852,-0.08864562375485519,0.15115843921718897,142.0,0.5377798507462687
0.01,1.5,0.5,20,0.012955465140583655,0.04578164045110544,0.3040813833830955,-0.0885785261879436,0.11573834545939321,125.0,0.45149253731343286
0.01,1.5,0.5,40,0.012727714388112599,0.044493060156514656,0.3065254387634967,-0.07207564917096321,0.11360584303970556,100.0,0.38386194029850745
0.01,1.5,0.5,60,0.018033531060793973,0.04294262709266651,0.4376848294254854,-0.07188620445076155,0.16423139442938828,97.0,0.3605410447761194
0.01,1.5,0.75,10,0.020683097008260765,0.04442679423143983,0.4830364656893917,-0.07103314554046669,0.19026429468280281,167.0,0.5065298507462687
0.01,1.5,0.75,20,0.021466628142558175,0.04273273121326887,0.5184058919089183,-0.06960942203729792,0.19806052730878387,142.0,0.4207089552238806
0.01,1.5,0.75,40,0.021027683042533774,0.0409940044078308,0.5281329302469202,-0.05625862270238702,0.19368743619966855,115.0,0.34701492537313433
0.01,1.5,0.75,60,0.02018579472689086,0.04033311436180947,0.5156675741641671,-0.05648051087598127,0.185339331912165,108.0,0.3246268656716418
0.01,1.75,0.0,10,0.027556935859305742,0.05034048464320825,0.5651331863362306,-0.05777314561731273,0.2602125644047093,94.0,0.5242537313432836
0.01,1.75,0.0,20,0.020276202119596576,0.04828151774713783,0.4398300977290676,-0.07632387914963801,0.1862333289694622,73.0,0.4528917910447761
0.01,1.75,0.0,40,0.02395060996134246,0.046870877575285276,0.5283381679355216,-0.08437520796870324,0.22307518910183566,63.0,0.40625
0.01,1.75,0.0,60,0.020317688284047675,0.045855442450941884,0.46149229414192317,-0.10001629638862586,0.18664376566519292,54.0,0.37593283582089554
0.01,1.75,0.25,10,0.01373166701051809,0.04644657398411173,0.31688949345711453,-0.06851344088896827,0.1230332647278165,99.0,0.4841417910447761
0.01,1.75,0.25,20,0.008428875455863905,0.043821815223592304,0.21346683018143076,-0.08626539389818744,0.07402341514321575,78.0,0.41044776119402987
0.01,1.75,0.25,40,0.010076713234980161,0.04255352810970132,0.25691113476276606,-0.10051866521717057,0.08904696291931047,66.0,0.36100746268656714
0.01,1.75,0.25,60,0.007442538227629081,0.041465283330200046,0.1995712072810443,-0.11133729126671499,0.06511861888973836,57.0,0.332089552238806
0.01,1.75,0.5,10,0.014697949263978938,0.04500115300742411,0.34676872103914136,-0.0695088325755886,0.1321733932126139,111.0,0.45988805970149255
0.01,1.75,0.5,20,0.013857956253706893,0.041567122502239644,0.351902691871897,-0.07598831783447324,0.1242241318887265,92.0,0.363339552238806
0.01,1.75,0.5,40,0.013110179946310918,0.039783488816195034,0.34730631266754236,-0.07864016471582991,0.11718904390142981,74.0,0.300839552238806
0.01,1.75,0.5,60,0.013473682779180152,0.03840902344413529,0.3676730645932338,-0.07700356507481565,0.1206040151363661,66.0,0.27052238805970147
0.01,1.75,0.75,10,0.020276593091881345,0.04226096477446625,0.49614375443740577,-0.05592632890991467,0.18623719640605718,130.0,0.4295708955223881
0.01,1.75,0.75,20,0.020586686721103975,0.03963207020190715,0.5340101838946263,-0.05753427075953166,0.18930810047449742,104.0,0.3344216417910448
0.01,1.75,0.75,40,0.015941504808477447,0.037756650972224366,0.437784011693121,-0.05992360896756632,0.1440328375400728,82.0,0.27005597014925375
0.01,1.75,0.75,60,0.016193997649715408,0.036292103158146294,0.4608007762917145,-0.06002281477609761,0.1464541359286211,73.0,0.24347014925373134
0.01,2.0,0.0,10,0.021955351666905765,0.04668405774906237,0.48848101436365704,-0.05739971176367109,0.2029461756604498,72.0,0.439365671641791
0.01,2.0,0.0,20,0.022260332601936605,0.042634236325771825,0.5376263415787412,-0.07467173892210588,0.2060038961579218,53.0,0.3582089552238806
0.01,2.0,0.0,40,0.0193316195082458,0.04339236918848557,0.4628555194227728,-0.07604262069194112,0.17692208757026884,46.0,0.34095149253731344
0.01,2.0,0.0,60,0.013063052401133923,0.04265218567490162,0.3255292284939413,-0.10379538174453862,0.11674697169688075,40.0,0.3041044776119403
0.01,2.0,0.25,10,0.010607324246987071,0.04272847525377215,0.2683238150747011,-0.06729836655437138,0.09392392433480334,76.0,0.40531716417910446
0.01,2.0,0.25,20,0.009671272666236241,0.03835249575031196,0.2701384255876773,-0.08436900617789844,0.08533341217988477,54.0,0.32322761194029853
0.01,2.0,0.25,40,0.005684852579196598,0.038820638079627656,0.16543281429871298,-0.08320660154979931,0.04941136875694618,48.0,0.300839552238806
0.01,2.0,0.25,60,-0.001109073175826536,0.037993592663967,-0.010185346875108024,-0.11350287965901451,-0.009396732769819338,41.0,0.2677238805970149
0.01,2.0,0.5,10,0.01285363973521747,0.04137403075458118,0.32939297865707634,-0.06854721339129599,0.11478447694355598,84.0,0.3824626865671642
0.01,2.0,0.5,20,0.014908765988765449,0.03667499310868149,0.42185792647173154,-0.06406374918191715,0.13417622375859173,64.0,0.2891791044776119
0.01,2.0,0.5,40,0.015070114643840116,0.03544746392402721,0.4396911183719201,-0.0681770914383596,0.13571120235503153,54.0,0.240205223880597
0.01,2.0,0.5,60,0.0053556524783635595,0.03420629786652282,0.17327893219465743,-0.08497619078728058,0.046492366461106105,45.0,0.20615671641791045
0.01,2.0,0.75,10,0.018470492052346632,0.03966561725489371,0.4812607160161208,-0.04170115854563561,0.16848977027860634,102.0,0.35447761194029853
0.01,2.0,0.75,20,0.01805115609235619,0.035692664018801036,0.519087899841855,-0.039185090897711716,0.16440289263994967,71.0,0.26399253731343286
0.01,2.0,0.75,40,0.016808170858529925,0.033373362399649074,0.5161399828236576,-0.0512535177504998,0.15236268285418308,59.0,0.21222014925373134
0.01,2.0,0.75,60,0.008843183476632044,0.03268847990159065,0.2857053403238534,-0.0763916195653217,0.07778339874301188,49.0,0.1875
